{"SoundFX":1.0,"Music":0.02857142873108387,"LawnMower":0.15714286267757417,"Environment":0.20000000298023225}