{"SoundFX":0.13571429252624513,"Music":0.22857142984867097,"LawnMower":0.08571428805589676}