{"SoundFX":0.4000000059604645,"Music":0.5714285969734192,"LawnMower":0.10000000149011612,"Environment":0.20000000298023225}